{"cameraMode":{"drawMode":0,"name":"Shaded","section":"Shading Mode"},"sceneLighting":true,"audioPlay":false,"sceneViewState":{"showFog":true,"showMaterialUpdate":false,"showSkybox":true,"showFlares":true,"showImageEffects":true,"showParticleSystems":true},"in2DMode":false,"pivot":{"x":5.348336219787598,"y":1.4085538387298585,"z":2.1492254734039308},"rotation":{"x":-0.1079772487282753,"y":0.08364640921354294,"z":0.00042920923442579806,"w":-0.9931344389915466},"size":12.12435531616211,"orthographic":false}