{"cameraMode":{"drawMode":0,"name":"Shaded","section":"Shading Mode"},"sceneLighting":false,"audioPlay":false,"sceneViewState":{"showFog":true,"showMaterialUpdate":false,"showSkybox":false,"showFlares":true,"showImageEffects":true,"showParticleSystems":true},"in2DMode":false,"pivot":{"x":-3.978858470916748,"y":5.855344295501709,"z":10.634663581848145},"rotation":{"x":0.016414595767855645,"y":0.9709655046463013,"z":-0.16722148656845094,"w":0.17986412346363069},"size":0.18585772812366486,"orthographic":false}