{"cameraMode":{"drawMode":0,"name":"Shaded","section":"Shading Mode"},"sceneLighting":false,"audioPlay":false,"sceneViewState":{"showFog":true,"showMaterialUpdate":false,"showSkybox":false,"showFlares":true,"showImageEffects":true,"showParticleSystems":true},"in2DMode":false,"pivot":{"x":0.9362226128578186,"y":-0.3296349048614502,"z":3.5042951107025148},"rotation":{"x":0.0025837640278041364,"y":-0.19569474458694459,"z":0.002161068608984351,"w":-0.9817584753036499},"size":0.1827036440372467,"orthographic":false}