{"cameraMode":{"drawMode":0,"name":"Shaded","section":"Shading Mode"},"sceneLighting":false,"audioPlay":false,"sceneViewState":{"showFog":true,"showMaterialUpdate":false,"showSkybox":false,"showFlares":true,"showImageEffects":true,"showParticleSystems":true},"in2DMode":false,"pivot":{"x":-0.6448243856430054,"y":7.790314197540283,"z":0.0816965103149414},"rotation":{"x":-0.13845686614513398,"y":0.11129935830831528,"z":-0.01146197970956564,"w":-0.9862900376319885},"size":6.01369571685791,"orthographic":false}