{"cameraMode":{"drawMode":0,"name":"Shaded","section":"Shading Mode"},"sceneLighting":true,"audioPlay":false,"sceneViewState":{"showFog":true,"showMaterialUpdate":false,"showSkybox":false,"showFlares":true,"showImageEffects":true,"showParticleSystems":true},"in2DMode":false,"pivot":{"x":57.12458038330078,"y":-12.522513389587403,"z":47.37632369995117},"rotation":{"x":0.1421794444322586,"y":-0.26944205164909365,"z":0.039105985313653949,"w":0.9523670673370361},"size":28.625638961791993,"orthographic":false}