{"cameraMode":{"drawMode":0,"name":"Shaded","section":"Shading Mode"},"sceneLighting":false,"audioPlay":false,"sceneViewState":{"showFog":true,"showMaterialUpdate":false,"showSkybox":false,"showFlares":true,"showImageEffects":true,"showParticleSystems":true},"in2DMode":false,"pivot":{"x":-28.75252914428711,"y":-25.266664505004884,"z":22.939306259155275},"rotation":{"x":0.37751078605651858,"y":-0.06063266098499298,"z":-0.0036163197364658119,"w":0.9266135692596436},"size":42.03733444213867,"orthographic":false}